analysis,model_name,outcome,condition_a,condition_b,n_pairs,median_a,median_b,median_difference_a_minus_b,wilcoxon_statistic,p_value_raw,rank_biserial_a_minus_b,p_value_holm,significant_holm
RQ2_full_observed,ChatGPT,lsa_semantic_divergence,Direct Question,Conversational,89,0.04879606166220363,0.06286897156851068,-0.01353622429770851,430.0,1.2462327800987457e-10,-0.7852684144818977,3.115581950246864e-09,True
RQ2_full_observed,ChatGPT,lsa_semantic_divergence,Direct Question,Formal/Professional,89,0.04879606166220363,0.13888936745084712,-0.08609972542839595,16.0,4.386109388356918e-16,-0.9920099875156055,1.973749224760613e-14,True
RQ2_full_observed,ChatGPT,lsa_semantic_divergence,Direct Question,Informal,89,0.04879606166220363,0.10045816976835886,-0.05370250476083105,22.0,5.368728264883498e-16,-0.9890137328339575,2.362240436548739e-14,True
RQ2_full_observed,ChatGPT,lsa_semantic_divergence,Direct Question,Conditional,89,0.04879606166220363,0.10299138939029517,-0.0573571446475597,244.0,6.265504326895498e-13,-0.8781523096129837,1.8796512980686492e-11,True
RQ2_full_observed,ChatGPT,lsa_semantic_divergence,Direct Question,Highly Specific,89,0.04879606166220363,0.11106816341914416,-0.056750560935715066,70.0,2.6480081474313614e-15,-0.9650436953807741,1.0592032589725446e-13,True
RQ2_full_observed,ChatGPT,lsa_semantic_divergence,Direct Question,Ambiguous,89,0.04879606166220363,0.056921929233101576,-0.010330324542613178,1083.0,0.00016858463508710633,-0.4591760299625468,0.0028659387964808077,True
RQ2_full_observed,ChatGPT,lsa_semantic_divergence,Direct Question,Comparative,89,0.04879606166220363,0.1759456306135032,-0.12091002130847239,23.0,5.552369103404419e-16,-0.9885143570536828,2.3875187144639e-14,True
RQ2_full_observed,ChatGPT,lsa_semantic_divergence,Direct Question,Constraint-Based,89,0.04879606166220363,0.1255784502864281,-0.0709013555840372,41.0,1.0143247852603166e-15,-0.9795255930087391,4.26016409809333e-14,True
RQ2_full_observed,ChatGPT,lsa_semantic_divergence,Direct Question,Role-Based/Expert Framing,89,0.04879606166220363,0.0556822048486707,-0.0014783178257835594,1590.0,0.09147513873073394,-0.20599250936329588,0.7318011098458715,False
RQ2_full_observed,ChatGPT,lsa_semantic_divergence,Conversational,Formal/Professional,89,0.06286897156851068,0.13888936745084712,-0.0659920521057884,188.0,1.13901700084492e-13,-0.9061173533083645,3.644854402703744e-12,True
RQ2_full_observed,ChatGPT,lsa_semantic_divergence,Conversational,Informal,89,0.06286897156851068,0.10045816976835886,-0.039877739453068495,411.0,7.448990384512001e-11,-0.7947565543071161,1.93673749997312e-09,True
RQ2_full_observed,ChatGPT,lsa_semantic_divergence,Conversational,Conditional,89,0.06286897156851068,0.10299138939029517,-0.03730273159774322,748.0,2.8583693913365273e-07,-0.6264669163545568,6.002575721806708e-06,True
RQ2_full_observed,ChatGPT,lsa_semantic_divergence,Conversational,Highly Specific,89,0.06286897156851068,0.11106816341914416,-0.04121651928786785,383.0,3.4517718690358614e-11,-0.8087390761548064,9.319784046396826e-10,True
RQ2_full_observed,ChatGPT,lsa_semantic_divergence,Conversational,Ambiguous,89,0.06286897156851068,0.056921929233101576,0.005574135759334409,1620.0,0.11759985527632787,0.19101123595505617,0.7318011098458715,False
RQ2_full_observed,ChatGPT,lsa_semantic_divergence,Conversational,Comparative,89,0.06286897156851068,0.1759456306135032,-0.0912527993512855,184.0,1.0064330174159006e-13,-0.9081148564294632,3.321228957472472e-12,True
RQ2_full_observed,ChatGPT,lsa_semantic_divergence,Conversational,Constraint-Based,89,0.06286897156851068,0.1255784502864281,-0.060104258465708105,224.0,3.4283958432864557e-13,-0.8881398252184769,1.0628027114188013e-11,True
RQ2_full_observed,ChatGPT,lsa_semantic_divergence,Conversational,Role-Based/Expert Framing,89,0.06286897156851068,0.0556822048486707,0.00895227236609375,1140.0,0.00041751377836974263,0.4307116104868914,0.006680220453915882,True
RQ2_full_observed,ChatGPT,lsa_semantic_divergence,Formal/Professional,Informal,89,0.13888936745084712,0.10045816976835886,0.023967732779030304,1224.0,0.001447098921384142,0.3887640449438202,0.020259384899377987,True
RQ2_full_observed,ChatGPT,lsa_semantic_divergence,Formal/Professional,Conditional,89,0.13888936745084712,0.10299138939029517,0.01952570747914828,1522.0,0.049312873972427784,0.23995006242197253,0.49312873972427784,False
RQ2_full_observed,ChatGPT,lsa_semantic_divergence,Formal/Professional,Highly Specific,89,0.13888936745084712,0.11106816341914416,0.013568724968073265,1434.0,0.02002323515997731,0.28389513108614234,0.24027882191972771,False
RQ2_full_observed,ChatGPT,lsa_semantic_divergence,Formal/Professional,Ambiguous,89,0.13888936745084712,0.056921929233101576,0.06856752266531141,157.0,4.3352181536329425e-14,0.921598002496879,1.4739741722352005e-12,True
RQ2_full_observed,ChatGPT,lsa_semantic_divergence,Formal/Professional,Comparative,89,0.13888936745084712,0.1759456306135032,-0.028000856039865685,1161.0,0.0005756376187840257,-0.4202247191011236,0.008634564281760385,True
RQ2_full_observed,ChatGPT,lsa_semantic_divergence,Formal/Professional,Constraint-Based,89,0.13888936745084712,0.1255784502864281,2.7158884243760895e-06,1975.0,0.9104181340917621,0.01373283395755306,1.0,False
RQ2_full_observed,ChatGPT,lsa_semantic_divergence,Formal/Professional,Role-Based/Expert Framing,89,0.13888936745084712,0.0556822048486707,0.07842850450842853,79.0,3.556543377239327e-15,0.9605493133583021,1.3870519171233376e-13,True
RQ2_full_observed,ChatGPT,lsa_semantic_divergence,Informal,Conditional,89,0.10045816976835886,0.10299138939029517,0.004668399345661323,1994.0,0.9722582212616065,-0.004244694132334582,1.0,False
RQ2_full_observed,ChatGPT,lsa_semantic_divergence,Informal,Highly Specific,89,0.10045816976835886,0.11106816341914416,-0.009382238129721943,1779.0,0.36050210401560034,-0.11161048689138577,1.0,False
RQ2_full_observed,ChatGPT,lsa_semantic_divergence,Informal,Ambiguous,89,0.10045816976835886,0.056921929233101576,0.03721303370718987,333.0,8.464910503033257e-12,0.8337078651685393,2.4548240458796446e-10,True
RQ2_full_observed,ChatGPT,lsa_semantic_divergence,Informal,Comparative,89,0.10045816976835886,0.1759456306135032,-0.04751605262823966,758.0,3.549783304823935e-07,-0.6214731585518103,7.09956660964787e-06,True
RQ2_full_observed,ChatGPT,lsa_semantic_divergence,Informal,Constraint-Based,89,0.10045816976835886,0.1255784502864281,-0.009855615719268851,1470.0,0.02935954618828008,-0.26591760299625467,0.32295500807108085,False
RQ2_full_observed,ChatGPT,lsa_semantic_divergence,Informal,Role-Based/Expert Framing,89,0.10045816976835886,0.0556822048486707,0.045706494365875594,146.0,3.0654690146001684e-14,0.9270911360799001,1.072914155110059e-12,True
RQ2_full_observed,ChatGPT,lsa_semantic_divergence,Conditional,Highly Specific,89,0.10299138939029517,0.11106816341914416,-0.021527395805660765,1905.0,0.6899645699509946,-0.04868913857677903,1.0,False
RQ2_full_observed,ChatGPT,lsa_semantic_divergence,Conditional,Ambiguous,89,0.10299138939029517,0.056921929233101576,0.03305597902915547,538.0,2.0762062799501377e-09,0.7313358302122347,4.567653815890303e-08,True
RQ2_full_observed,ChatGPT,lsa_semantic_divergence,Conditional,Comparative,89,0.10299138939029517,0.1759456306135032,-0.03935634490162465,936.0,1.2806425809136525e-05,-0.5325842696629214,0.00023051566456445746,True
RQ2_full_observed,ChatGPT,lsa_semantic_divergence,Conditional,Constraint-Based,89,0.10299138939029517,0.1255784502864281,-0.021422898050908246,1592.0,0.0930576506372489,-0.20499375780274656,0.7318011098458715,False
RQ2_full_observed,ChatGPT,lsa_semantic_divergence,Conditional,Role-Based/Expert Framing,89,0.10299138939029517,0.0556822048486707,0.04140740385961805,465.0,3.166575723541313e-10,0.7677902621722846,7.2831241641450206e-09,True
RQ2_full_observed,ChatGPT,lsa_semantic_divergence,Highly Specific,Ambiguous,89,0.11106816341914416,0.056921929233101576,0.05175591978747518,448.0,2.0182188986678217e-10,0.7762796504369538,4.843725356802773e-09,True
RQ2_full_observed,ChatGPT,lsa_semantic_divergence,Highly Specific,Comparative,89,0.11106816341914416,0.1759456306135032,-0.049320565906469716,805.0,9.61547572961446e-07,-0.5980024968789014,1.8269403886267473e-05,True
RQ2_full_observed,ChatGPT,lsa_semantic_divergence,Highly Specific,Constraint-Based,89,0.11106816341914416,0.1255784502864281,-0.012722821258416728,1555.0,0.06712096965718098,-0.22347066167290885,0.6040887269146288,False
RQ2_full_observed,ChatGPT,lsa_semantic_divergence,Highly Specific,Role-Based/Expert Framing,89,0.11106816341914416,0.0556822048486707,0.057434110571248254,128.0,1.7311460491190307e-14,0.936079900124844,6.232125776828511e-13,True
RQ2_full_observed,ChatGPT,lsa_semantic_divergence,Ambiguous,Comparative,89,0.056921929233101576,0.1759456306135032,-0.09998085877639751,127.0,1.6767907787650716e-14,-0.9365792759051186,6.204125881430764e-13,True
RQ2_full_observed,ChatGPT,lsa_semantic_divergence,Ambiguous,Constraint-Based,89,0.056921929233101576,0.1255784502864281,-0.06207845100185205,376.0,2.8422076758403828e-11,-0.8122347066167291,7.958181492353072e-10,True
RQ2_full_observed,ChatGPT,lsa_semantic_divergence,Ambiguous,Role-Based/Expert Framing,89,0.056921929233101576,0.0556822048486707,0.001049589187050115,1629.0,0.12648624602012035,0.18651685393258427,0.7318011098458715,False
RQ2_full_observed,ChatGPT,lsa_semantic_divergence,Comparative,Constraint-Based,89,0.1759456306135032,0.1255784502864281,0.01872058876177629,1321.0,0.005299678587252979,0.34032459425717854,0.06889582163428873,False
RQ2_full_observed,ChatGPT,lsa_semantic_divergence,Comparative,Role-Based/Expert Framing,89,0.1759456306135032,0.0556822048486707,0.11939851880840613,50.0,1.3682192030978516e-15,0.9750312109862672,5.6096987327011915e-14,True
RQ2_full_observed,ChatGPT,lsa_semantic_divergence,Constraint-Based,Role-Based/Expert Framing,89,0.1255784502864281,0.0556822048486707,0.06842114235481067,94.0,5.797671362962252e-15,0.9530586766541823,2.2031151179256558e-13,True
RQ2_full_observed,ChatGPT,claim_verification_risk_proxy,Direct Question,Conversational,89,0.85,1.0,0.0,218.0,0.0009944817164115013,-0.5595959595959596,0.03182341492516804,True
RQ2_full_observed,ChatGPT,claim_verification_risk_proxy,Direct Question,Formal/Professional,89,0.85,0.85,0.0,595.5,0.1970006837170145,-0.19797979797979798,1.0,False
RQ2_full_observed,ChatGPT,claim_verification_risk_proxy,Direct Question,Informal,89,0.85,1.0,0.0,335.0,0.5914099776793666,-0.09581646423751687,1.0,False
RQ2_full_observed,ChatGPT,claim_verification_risk_proxy,Direct Question,Conditional,89,0.85,0.85,0.0,319.0,0.0017581770640524496,-0.4996078431372549,0.05450348898562594,False
RQ2_full_observed,ChatGPT,claim_verification_risk_proxy,Direct Question,Highly Specific,89,0.85,1.0,0.0,450.5,0.31499553714124107,0.16651248843663274,1.0,False
RQ2_full_observed,ChatGPT,claim_verification_risk_proxy,Direct Question,Ambiguous,89,0.85,0.85,0.0,333.0,0.29286826326661264,-0.1878048780487805,1.0,False
RQ2_full_observed,ChatGPT,claim_verification_risk_proxy,Direct Question,Comparative,89,0.85,0.85,0.0,580.0,0.4258401134335381,-0.12518853695324283,1.0,False
RQ2_full_observed,ChatGPT,claim_verification_risk_proxy,Direct Question,Constraint-Based,89,0.85,0.15,0.7,50.0,2.2033193073439943e-10,0.9415546464056107,8.372613367907178e-09,True
RQ2_full_observed,ChatGPT,claim_verification_risk_proxy,Direct Question,Role-Based/Expert Framing,89,0.85,0.85,0.0,188.0,0.22901873204571233,-0.24193548387096775,1.0,False
RQ2_full_observed,ChatGPT,claim_verification_risk_proxy,Conversational,Formal/Professional,89,1.0,0.85,0.0,410.5,0.014525624878592484,0.3808446455505279,0.3631406219648121,False
RQ2_full_observed,ChatGPT,claim_verification_risk_proxy,Conversational,Informal,89,1.0,1.0,0.0,194.5,0.003376261703930059,0.525609756097561,0.10128785111790177,False
RQ2_full_observed,ChatGPT,claim_verification_risk_proxy,Conversational,Conditional,89,1.0,0.85,0.0,477.5,0.8301414531439044,-0.03535353535353535,1.0,False
RQ2_full_observed,ChatGPT,claim_verification_risk_proxy,Conversational,Highly Specific,89,1.0,1.0,0.0,243.0,0.00011535989892591894,0.6188235294117647,0.004152956361333082,True
RQ2_full_observed,ChatGPT,claim_verification_risk_proxy,Conversational,Ambiguous,89,1.0,0.85,0.0,274.5,0.008192325253645362,0.44545454545454544,0.22938510710207013,False
RQ2_full_observed,ChatGPT,claim_verification_risk_proxy,Conversational,Comparative,89,1.0,0.85,0.0,319.5,0.0004434438414095726,0.5362844702467344,0.014633646766515896,True
RQ2_full_observed,ChatGPT,claim_verification_risk_proxy,Conversational,Constraint-Based,89,1.0,0.15,0.7,7.0,3.6418182773691094e-14,0.994954954954955,1.6388182248160992e-12,True
RQ2_full_observed,ChatGPT,claim_verification_risk_proxy,Conversational,Role-Based/Expert Framing,89,1.0,0.85,0.0,214.5,0.012351258700723964,0.45,0.32113272621882305,False
RQ2_full_observed,ChatGPT,claim_verification_risk_proxy,Formal/Professional,Informal,89,0.85,1.0,0.0,885.0,0.29009245527128047,0.14903846153846154,1.0,False
RQ2_full_observed,ChatGPT,claim_verification_risk_proxy,Formal/Professional,Conditional,89,0.85,0.85,0.0,343.5,0.016511349282511842,-0.39095744680851063,0.3962723827802842,False
RQ2_full_observed,ChatGPT,claim_verification_risk_proxy,Formal/Professional,Highly Specific,89,0.85,1.0,0.0,861.0,0.05308421034448846,0.2659846547314578,1.0,False
RQ2_full_observed,ChatGPT,claim_verification_risk_proxy,Formal/Professional,Ambiguous,89,0.85,0.85,0.0,545.5,0.8410895244166365,0.03280141843971631,1.0,False
RQ2_full_observed,ChatGPT,claim_verification_risk_proxy,Formal/Professional,Comparative,89,0.85,0.85,0.0,321.0,0.4650463329303969,0.13360323886639677,1.0,False
RQ2_full_observed,ChatGPT,claim_verification_risk_proxy,Formal/Professional,Constraint-Based,89,0.85,0.15,0.7,58.5,4.426958255827801e-12,0.9470827679782904,1.9035920500059547e-10,True
RQ2_full_observed,ChatGPT,claim_verification_risk_proxy,Formal/Professional,Role-Based/Expert Framing,89,0.85,0.85,0.0,584.5,0.7770675064266155,0.045714285714285714,1.0,False
RQ2_full_observed,ChatGPT,claim_verification_risk_proxy,Informal,Conditional,89,1.0,0.85,0.0,555.5,0.007118045424333965,-0.39289617486338796,0.20642331730568497,False
RQ2_full_observed,ChatGPT,claim_verification_risk_proxy,Informal,Highly Specific,89,1.0,1.0,0.0,297.5,0.1882127564035987,0.23717948717948717,1.0,False
RQ2_full_observed,ChatGPT,claim_verification_risk_proxy,Informal,Ambiguous,89,1.0,0.85,0.0,436.0,0.48237178686660087,-0.1191919191919192,1.0,False
RQ2_full_observed,ChatGPT,claim_verification_risk_proxy,Informal,Comparative,89,1.0,0.85,0.0,970.5,0.6342644880307577,-0.06682692307692308,1.0,False
RQ2_full_observed,ChatGPT,claim_verification_risk_proxy,Informal,Constraint-Based,89,1.0,0.15,0.15000000000000002,34.5,1.227322017910368e-10,0.9582577132486388,4.909288071641472e-09,True
RQ2_full_observed,ChatGPT,claim_verification_risk_proxy,Informal,Role-Based/Expert Framing,89,1.0,0.85,0.0,405.5,0.40275013613942945,-0.1427061310782241,1.0,False
RQ2_full_observed,ChatGPT,claim_verification_risk_proxy,Conditional,Highly Specific,89,0.85,1.0,0.0,381.0,0.00019640041226146867,0.554646405610754,0.006677614016889935,True
RQ2_full_observed,ChatGPT,claim_verification_risk_proxy,Conditional,Ambiguous,89,0.85,0.85,0.0,346.5,0.01143416016583969,0.4107142857142857,0.3087223244776716,False
RQ2_full_observed,ChatGPT,claim_verification_risk_proxy,Conditional,Comparative,89,0.85,0.85,0.0,145.5,0.00013520003259398077,0.662020905923345,0.004732001140789327,True
RQ2_full_observed,ChatGPT,claim_verification_risk_proxy,Conditional,Constraint-Based,89,0.85,0.15,0.7,7.0,3.6997703978223e-14,0.994954954954955,1.6388182248160992e-12,True
RQ2_full_observed,ChatGPT,claim_verification_risk_proxy,Conditional,Role-Based/Expert Framing,89,0.85,0.85,0.0,366.5,0.020600972847491576,0.37670068027210885,0.4738223754923062,False
RQ2_full_observed,ChatGPT,claim_verification_risk_proxy,Highly Specific,Ambiguous,89,1.0,0.85,0.0,447.5,0.09411253102404893,-0.2693877551020408,1.0,False
RQ2_full_observed,ChatGPT,claim_verification_risk_proxy,Highly Specific,Comparative,89,1.0,0.85,0.0,900.0,0.1280168826444521,-0.20983318700614575,1.0,False
RQ2_full_observed,ChatGPT,claim_verification_risk_proxy,Highly Specific,Constraint-Based,89,1.0,0.15,0.15000000000000002,67.5,9.422524773319023e-09,0.8981900452488688,3.4863341661280385e-07,True
RQ2_full_observed,ChatGPT,claim_verification_risk_proxy,Highly Specific,Role-Based/Expert Framing,89,1.0,0.85,0.0,449.5,0.06481944414472901,-0.29490196078431374,1.0,False
RQ2_full_observed,ChatGPT,claim_verification_risk_proxy,Ambiguous,Comparative,89,0.85,0.85,0.0,553.5,0.7138139869183096,0.058673469387755105,1.0,False
RQ2_full_observed,ChatGPT,claim_verification_risk_proxy,Ambiguous,Constraint-Based,89,0.85,0.15,0.7,66.5,1.2579980755404285e-10,0.9296668429402433,4.909288071641472e-09,True
RQ2_full_observed,ChatGPT,claim_verification_risk_proxy,Ambiguous,Role-Based/Expert Framing,89,0.85,0.85,0.0,560.0,0.9656171452820842,-0.0070921985815602835,1.0,False
RQ2_full_observed,ChatGPT,claim_verification_risk_proxy,Comparative,Constraint-Based,89,0.85,0.15,0.7,66.0,4.8513309829486635e-12,0.9384615384615385,2.0375590128384386e-10,True
RQ2_full_observed,ChatGPT,claim_verification_risk_proxy,Comparative,Role-Based/Expert Framing,89,0.85,0.85,0.0,566.0,0.8176977292709872,-0.03741496598639456,1.0,False
RQ2_full_observed,ChatGPT,claim_verification_risk_proxy,Constraint-Based,Role-Based/Expert Framing,89,0.15,0.85,-0.7,48.5,4.9584479030744726e-11,-0.9487043892120571,2.032963640260534e-09,True
RQ2_full_observed,ChatGPT,recommendation_instability_proxy,Direct Question,Conversational,74,0.9926528712770298,0.9939396296766392,0.0,939.0,0.7926159088265405,-0.03840245775729647,1.0,False
RQ2_full_observed,ChatGPT,recommendation_instability_proxy,Direct Question,Formal/Professional,74,0.9926528712770298,1.0,-0.004017857142857129,310.5,8.582868117578296e-06,-0.660655737704918,0.0002489031754097706,True
RQ2_full_observed,ChatGPT,recommendation_instability_proxy,Direct Question,Informal,74,0.9926528712770298,0.9955300127713921,0.0,645.0,0.21201863607286198,-0.19172932330827067,1.0,False
RQ2_full_observed,ChatGPT,recommendation_instability_proxy,Direct Question,Conditional,74,0.9926528712770298,0.9978807471264368,-0.0019050815039634572,391.0,0.00011456206265386404,-0.5726775956284152,0.0025203653783850088,True
RQ2_full_observed,ChatGPT,recommendation_instability_proxy,Direct Question,Highly Specific,74,0.9926528712770298,1.0,-0.0049038461538461475,179.0,1.2229641688757402e-06,-0.7589225589225589,4.20932903002476e-05,True
RQ2_full_observed,ChatGPT,recommendation_instability_proxy,Direct Question,Ambiguous,74,0.9926528712770298,0.9932589960836016,-0.00013484311271783067,849.0,0.2763595497248228,-0.15773809523809523,1.0,False
RQ2_full_observed,ChatGPT,recommendation_instability_proxy,Direct Question,Comparative,74,0.9926528712770298,1.0,-0.004611812397372739,347.0,2.8973176822125042e-05,-0.6207650273224044,0.0007822757741973762,True
RQ2_full_observed,ChatGPT,recommendation_instability_proxy,Direct Question,Role-Based/Expert Framing,74,0.9926528712770298,0.9921875,0.0,867.0,0.8919287547856312,0.020338983050847456,1.0,False
RQ2_full_observed,ChatGPT,recommendation_instability_proxy,Conversational,Formal/Professional,74,0.9939396296766392,1.0,-0.003306950926435903,339.5,6.467608825231427e-05,-0.603156049094097,0.0015522261180555426,True
RQ2_full_observed,ChatGPT,recommendation_instability_proxy,Conversational,Informal,74,0.9939396296766392,0.9955300127713921,0.0,808.0,0.7130510567045505,-0.055523085914669784,1.0,False
RQ2_full_observed,ChatGPT,recommendation_instability_proxy,Conversational,Conditional,74,0.9939396296766392,0.9978807471264368,-0.002448210922787186,426.0,0.0003184327999382815,-0.5344262295081967,0.00636865599876563,True
RQ2_full_observed,ChatGPT,recommendation_instability_proxy,Conversational,Highly Specific,74,0.9939396296766392,1.0,-0.003945673211289247,229.0,3.460559083549291e-06,-0.7130325814536341,0.00010727733159002801,True
RQ2_full_observed,ChatGPT,recommendation_instability_proxy,Conversational,Ambiguous,74,0.9939396296766392,0.9932589960836016,0.0,930.5,0.46399535791519864,-0.10528846153846154,1.0,False
RQ2_full_observed,ChatGPT,recommendation_instability_proxy,Conversational,Comparative,74,0.9939396296766392,1.0,-0.0034587130287213608,340.5,3.958518328695241e-05,-0.6152542372881356,0.0009896295821738101,True
RQ2_full_observed,ChatGPT,recommendation_instability_proxy,Conversational,Role-Based/Expert Framing,74,0.9939396296766392,0.9921875,0.0,646.0,0.2988326516631902,0.16103896103896104,1.0,False
RQ2_full_observed,ChatGPT,recommendation_instability_proxy,Formal/Professional,Informal,74,1.0,0.9955300127713921,0.0,261.0,0.0002785640951428694,0.5905882352941176,0.005849845998000257,True
RQ2_full_observed,ChatGPT,recommendation_instability_proxy,Formal/Professional,Conditional,74,1.0,0.9978807471264368,0.0,551.0,0.4037128632440413,0.13568627450980392,1.0,False
RQ2_full_observed,ChatGPT,recommendation_instability_proxy,Formal/Professional,Highly Specific,74,1.0,1.0,0.0,284.5,0.1409237405395616,-0.2705128205128205,1.0,False
RQ2_full_observed,ChatGPT,recommendation_instability_proxy,Formal/Professional,Ambiguous,74,1.0,0.9932589960836016,0.0035437259759830697,451.0,8.182728046497006e-05,0.5663461538461538,0.0018820274506943114,True
RQ2_full_observed,ChatGPT,recommendation_instability_proxy,Formal/Professional,Comparative,74,1.0,1.0,0.0,421.5,0.5340189890959086,0.10887949260042283,1.0,False
RQ2_full_observed,ChatGPT,recommendation_instability_proxy,Formal/Professional,Role-Based/Expert Framing,74,1.0,0.9921875,0.004210078188173427,284.0,1.2026654371499314e-06,0.7091653865847414,4.20932903002476e-05,True
RQ2_full_observed,ChatGPT,recommendation_instability_proxy,Informal,Conditional,74,0.9955300127713921,0.9978807471264368,0.0,428.0,0.004163992863370513,-0.44415584415584414,0.07078787867729873,False
RQ2_full_observed,ChatGPT,recommendation_instability_proxy,Informal,Highly Specific,74,0.9955300127713921,1.0,0.0,93.5,1.2590454507294478e-05,-0.7828106852497096,0.0003525327262042454,True
RQ2_full_observed,ChatGPT,recommendation_instability_proxy,Informal,Ambiguous,74,0.9955300127713921,0.9932589960836016,0.0,939.0,0.6366537455653919,-0.06845238095238096,1.0,False
RQ2_full_observed,ChatGPT,recommendation_instability_proxy,Informal,Comparative,74,0.9955300127713921,1.0,-0.0005704233645409951,329.0,0.0010435148858256452,-0.5224963715529753,0.01982678283068726,True
RQ2_full_observed,ChatGPT,recommendation_instability_proxy,Informal,Role-Based/Expert Framing,74,0.9955300127713921,0.9921875,0.0,781.0,0.3239083452398184,0.146448087431694,1.0,False
RQ2_full_observed,ChatGPT,recommendation_instability_proxy,Conditional,Highly Specific,74,0.9978807471264368,1.0,0.0,261.0,0.006317599650595503,-0.4727272727272727,0.10108159440952805,False
RQ2_full_observed,ChatGPT,recommendation_instability_proxy,Conditional,Ambiguous,74,0.9978807471264368,0.9932589960836016,0.0,452.0,0.0017838067645235386,0.4716540035067212,0.032108521761423696,True
RQ2_full_observed,ChatGPT,recommendation_instability_proxy,Conditional,Comparative,74,0.9978807471264368,1.0,0.0,443.0,0.13696224879638882,-0.2465986394557823,1.0,False
RQ2_full_observed,ChatGPT,recommendation_instability_proxy,Conditional,Role-Based/Expert Framing,74,0.9978807471264368,0.9921875,0.003264109447469188,228.0,1.982247350108234e-06,0.7241379310344828,6.541416255357173e-05,True
RQ2_full_observed,ChatGPT,recommendation_instability_proxy,Highly Specific,Ambiguous,74,1.0,0.9932589960836016,0.0040904408091907984,208.0,2.4922249771865085e-06,0.7298701298701299,7.975119926996827e-05,True
RQ2_full_observed,ChatGPT,recommendation_instability_proxy,Highly Specific,Comparative,74,1.0,1.0,0.0,292.5,0.3734035049885298,0.1678520625889047,1.0,False
RQ2_full_observed,ChatGPT,recommendation_instability_proxy,Highly Specific,Role-Based/Expert Framing,74,1.0,0.9921875,0.005129265144793116,134.0,9.886192563255294e-08,0.825974025974026,3.5590293227719058e-06,True
RQ2_full_observed,ChatGPT,recommendation_instability_proxy,Ambiguous,Comparative,74,0.9932589960836016,1.0,-0.0032072368421052766,305.0,3.421310831557937e-05,-0.6309739866908651,0.0008895408162050637,True
RQ2_full_observed,ChatGPT,recommendation_instability_proxy,Ambiguous,Role-Based/Expert Framing,74,0.9932589960836016,0.9921875,0.00016359021500272908,827.5,0.1093628443398627,0.22843822843822845,1.0,False
RQ2_full_observed,ChatGPT,recommendation_instability_proxy,Comparative,Role-Based/Expert Framing,74,1.0,0.9921875,0.004726688655260103,275.0,4.138918316587651e-06,0.6892655367231638,0.00012416754949762953,True
RQ2_full_observed,Claude,lsa_semantic_divergence,Direct Question,Conversational,100,0.07238227523170704,0.10238003640748927,-0.026943642595825212,465.0,1.4111844085803342e-12,-0.8158415841584158,2.8223688171606683e-11,True
RQ2_full_observed,Claude,lsa_semantic_divergence,Direct Question,Formal/Professional,100,0.07238227523170704,0.2516314630853523,-0.1624971430438723,0.0,3.89655984509591e-18,-1.0,1.7534519302931596e-16,True
RQ2_full_observed,Claude,lsa_semantic_divergence,Direct Question,Informal,100,0.07238227523170704,0.1283413998129559,-0.05026300356373953,101.0,7.782675474469015e-17,-0.96,2.412629397085395e-15,True
RQ2_full_observed,Claude,lsa_semantic_divergence,Direct Question,Conditional,100,0.07238227523170704,0.24718479671885302,-0.17195121828779436,2.0,4.139373908714419e-18,-0.9992079207920792,1.7799307807472002e-16,True
RQ2_full_observed,Claude,lsa_semantic_divergence,Direct Question,Highly Specific,100,0.07238227523170704,0.09645023533615549,-0.02211977584883751,564.0,1.5562528104116394e-11,-0.7766336633663367,2.9568803397821147e-10,True
RQ2_full_observed,Claude,lsa_semantic_divergence,Direct Question,Ambiguous,100,0.07238227523170704,0.08876281238395439,-0.01130659311677995,1107.0,1.0850866046279325e-06,-0.5615841584158416,1.5191212464791055e-05,True
RQ2_full_observed,Claude,lsa_semantic_divergence,Direct Question,Comparative,100,0.07238227523170704,0.19920703266416673,-0.1283972191065781,46.0,1.546593881840561e-17,-0.9817821782178218,5.722397362810076e-16,True
RQ2_full_observed,Claude,lsa_semantic_divergence,Direct Question,Constraint-Based,100,0.07238227523170704,0.10591614893242196,-0.03399888807536816,343.0,6.264795227546579e-14,-0.8641584158415841,1.3782549500602474e-12,True
RQ2_full_observed,Claude,lsa_semantic_divergence,Direct Question,Role-Based/Expert Framing,100,0.07238227523170704,0.06551008251616453,0.0024059885975511452,2341.0,0.5269610710548687,0.07287128712871287,1.0,False
RQ2_full_observed,Claude,lsa_semantic_divergence,Conversational,Formal/Professional,100,0.10238003640748927,0.2516314630853523,-0.11959413730010443,37.0,1.1832715745334621e-17,-0.9853465346534653,4.614759140680502e-16,True
RQ2_full_observed,Claude,lsa_semantic_divergence,Conversational,Informal,100,0.10238003640748927,0.1283413998129559,-0.019374515739272402,1115.0,1.246885016264847e-06,-0.5584158415841585,1.620950521144301e-05,True
RQ2_full_observed,Claude,lsa_semantic_divergence,Conversational,Conditional,100,0.10238003640748927,0.24718479671885302,-0.1176797697609866,82.0,4.4713463414559046e-17,-0.9675247524752475,1.4308308292658895e-15,True
RQ2_full_observed,Claude,lsa_semantic_divergence,Conversational,Highly Specific,100,0.10238003640748927,0.09645023533615549,0.003476305605372987,1996.0,0.06893067940091371,0.2095049504950495,0.34465339700456854,False
RQ2_full_observed,Claude,lsa_semantic_divergence,Conversational,Ambiguous,100,0.10238003640748927,0.08876281238395439,0.01482178797623912,1897.0,0.030829381083950343,0.2487128712871287,0.21026916521732048,False
RQ2_full_observed,Claude,lsa_semantic_divergence,Conversational,Comparative,100,0.10238003640748927,0.19920703266416673,-0.08891481278185676,261.0,7.00628569313749e-15,-0.8966336633663367,1.7515714232843723e-13,True
RQ2_full_observed,Claude,lsa_semantic_divergence,Conversational,Constraint-Based,100,0.10238003640748927,0.10591614893242196,-0.003256133460585342,2342.0,0.5292093269572754,-0.07247524752475247,1.0,False
RQ2_full_observed,Claude,lsa_semantic_divergence,Conversational,Role-Based/Expert Framing,100,0.10238003640748927,0.06551008251616453,0.03142532711525725,413.0,3.821363693413031e-13,0.8364356435643564,8.024863756167365e-12,True
RQ2_full_observed,Claude,lsa_semantic_divergence,Formal/Professional,Informal,100,0.2516314630853523,0.1283413998129559,0.08994182508424509,257.0,6.283587274042714e-15,0.8982178217821782,1.6337326912511056e-13,True
RQ2_full_observed,Claude,lsa_semantic_divergence,Formal/Professional,Conditional,100,0.2516314630853523,0.24718479671885302,-0.01876002481048955,2335.0,0.5135746748177931,-0.07524752475247524,1.0,False
RQ2_full_observed,Claude,lsa_semantic_divergence,Formal/Professional,Highly Specific,100,0.2516314630853523,0.09645023533615549,0.13816641405656904,4.0,4.397113554181895e-18,0.9984158415841584,1.846787692756396e-16,True
RQ2_full_observed,Claude,lsa_semantic_divergence,Formal/Professional,Ambiguous,100,0.2516314630853523,0.08876281238395439,0.13228797280185767,42.0,1.3732250242604875e-17,0.9833663366336634,5.218255092189853e-16,True
RQ2_full_observed,Claude,lsa_semantic_divergence,Formal/Professional,Comparative,100,0.2516314630853523,0.19920703266416673,0.03436118119697523,1894.0,0.030038452173902924,0.2499009900990099,0.21026916521732048,False
RQ2_full_observed,Claude,lsa_semantic_divergence,Formal/Professional,Constraint-Based,100,0.2516314630853523,0.10591614893242196,0.1257013099223832,56.0,2.0802135592284155e-17,0.9778217821782178,7.280747457299455e-16,True
RQ2_full_observed,Claude,lsa_semantic_divergence,Formal/Professional,Role-Based/Expert Framing,100,0.2516314630853523,0.06551008251616453,0.16288460984671094,1.0,4.0161556854627e-18,0.9996039603960396,1.767108501603588e-16,True
RQ2_full_observed,Claude,lsa_semantic_divergence,Informal,Conditional,100,0.1283413998129559,0.24718479671885302,-0.10193534801955911,233.0,3.2570704571844113e-15,-0.9077227722772278,9.119797280116352e-14,True
RQ2_full_observed,Claude,lsa_semantic_divergence,Informal,Highly Specific,100,0.1283413998129559,0.09645023533615549,0.030937208775975833,703.0,3.737167999465526e-10,0.7215841584158416,5.9794687991448415e-09,True
RQ2_full_observed,Claude,lsa_semantic_divergence,Informal,Ambiguous,100,0.1283413998129559,0.08876281238395439,0.03582955897881135,1044.0,3.5400885394897887e-07,0.5865346534653465,5.310132809234683e-06,True
RQ2_full_observed,Claude,lsa_semantic_divergence,Informal,Comparative,100,0.1283413998129559,0.19920703266416673,-0.07215299913956325,653.0,1.2222432997382332e-10,-0.7413861386138614,2.0778136095549963e-09,True
RQ2_full_observed,Claude,lsa_semantic_divergence,Informal,Constraint-Based,100,0.1283413998129559,0.10591614893242196,0.017247037938623144,1360.0,6.184757827717601e-05,0.4613861386138614,0.0006803233610489361,True
RQ2_full_observed,Claude,lsa_semantic_divergence,Informal,Role-Based/Expert Framing,100,0.1283413998129559,0.06551008251616453,0.05191009274690528,75.0,3.641679657916184e-17,0.9702970297029703,1.2017542871123406e-15,True
RQ2_full_observed,Claude,lsa_semantic_divergence,Conditional,Highly Specific,100,0.24718479671885302,0.09645023533615549,0.13877071286488546,52.0,1.847889900267045e-17,0.9794059405940594,6.652403640961363e-16,True
RQ2_full_observed,Claude,lsa_semantic_divergence,Conditional,Ambiguous,100,0.24718479671885302,0.08876281238395439,0.14032301970470595,23.0,7.78699366986276e-18,0.9908910891089109,3.1147974679451043e-16,True
RQ2_full_observed,Claude,lsa_semantic_divergence,Conditional,Comparative,100,0.24718479671885302,0.19920703266416673,0.07155251620046049,1706.0,0.004862747585576056,0.32435643564356437,0.03890198068460845,True
RQ2_full_observed,Claude,lsa_semantic_divergence,Conditional,Constraint-Based,100,0.24718479671885302,0.10591614893242196,0.1272002210862942,120.0,1.348933942809135e-16,0.9524752475247524,4.046801828427406e-15,True
RQ2_full_observed,Claude,lsa_semantic_divergence,Conditional,Role-Based/Expert Framing,100,0.24718479671885302,0.06551008251616453,0.1607347752129331,15.0,6.12472726248735e-18,0.994059405940594,2.5111381776198135e-16,True
RQ2_full_observed,Claude,lsa_semantic_divergence,Highly Specific,Ambiguous,100,0.09645023533615549,0.08876281238395439,0.010163123958637443,2081.0,0.12685646867814937,0.17584158415841583,0.5074258747125975,False
RQ2_full_observed,Claude,lsa_semantic_divergence,Highly Specific,Comparative,100,0.09645023533615549,0.19920703266416673,-0.10638183374801757,170.0,5.62131586332343e-16,-0.9326732673267327,1.6301816003637947e-14,True
RQ2_full_observed,Claude,lsa_semantic_divergence,Highly Specific,Constraint-Based,100,0.09645023533615549,0.10591614893242196,-0.010524802670443867,1587.0,0.0012590725196596159,-0.3714851485148515,0.011331652676936543,True
RQ2_full_observed,Claude,lsa_semantic_divergence,Highly Specific,Role-Based/Expert Framing,100,0.09645023533615549,0.06551008251616453,0.025964925535871763,584.0,2.4928276934275352e-11,0.7687128712871287,4.4870898481695633e-10,True
RQ2_full_observed,Claude,lsa_semantic_divergence,Ambiguous,Comparative,100,0.08876281238395439,0.19920703266416673,-0.0964423674429381,233.0,3.2570704571844113e-15,-0.9077227722772278,9.119797280116352e-14,True
RQ2_full_observed,Claude,lsa_semantic_divergence,Ambiguous,Constraint-Based,100,0.08876281238395439,0.10591614893242196,-0.023875496925179374,1510.0,0.0004832018361438227,-0.401980198019802,0.004832018361438227,True
RQ2_full_observed,Claude,lsa_semantic_divergence,Ambiguous,Role-Based/Expert Framing,100,0.08876281238395439,0.06551008251616453,0.01138290452805013,1144.0,2.0510662172105422e-06,0.546930693069307,2.4612794606526507e-05,True
RQ2_full_observed,Claude,lsa_semantic_divergence,Comparative,Constraint-Based,100,0.19920703266416673,0.10591614893242196,0.08257179099426282,274.0,9.967579141863272e-15,0.8914851485148515,2.2925432026285526e-13,True
RQ2_full_observed,Claude,lsa_semantic_divergence,Comparative,Role-Based/Expert Framing,100,0.19920703266416673,0.06551008251616453,0.12671423817029553,60.0,2.3413085997284588e-17,0.9762376237623762,7.96044923907676e-16,True
RQ2_full_observed,Claude,lsa_semantic_divergence,Constraint-Based,Role-Based/Expert Framing,100,0.10591614893242196,0.06551008251616453,0.034798978078964427,261.0,7.00628569313749e-15,0.8966336633663367,1.7515714232843723e-13,True
RQ2_full_observed,Claude,claim_verification_risk_proxy,Direct Question,Conversational,100,0.15,0.85,0.0,204.0,0.000568590773913213,-0.5878787878787879,0.010234633930437834,True
RQ2_full_observed,Claude,claim_verification_risk_proxy,Direct Question,Formal/Professional,100,0.15,0.85,-0.7,338.0,1.588212812445893e-09,-0.7689678742310321,6.035208687294393e-08,True
RQ2_full_observed,Claude,claim_verification_risk_proxy,Direct Question,Informal,100,0.15,0.15,0.0,287.0,0.8548851546412841,-0.03529411764705882,1.0,False
RQ2_full_observed,Claude,claim_verification_risk_proxy,Direct Question,Conditional,100,0.15,0.15,0.0,672.0,0.874634969108861,0.02467343976777939,1.0,False
RQ2_full_observed,Claude,claim_verification_risk_proxy,Direct Question,Highly Specific,100,0.15,0.85,0.0,98.5,2.0174459145693815e-07,-0.8391836734693877,6.657571518078959e-06,True
RQ2_full_observed,Claude,claim_verification_risk_proxy,Direct Question,Ambiguous,100,0.15,0.85,0.0,374.0,0.009736271561934719,-0.41333333333333333,0.13630780186708608,False
RQ2_full_observed,Claude,claim_verification_risk_proxy,Direct Question,Comparative,100,0.15,0.85,-0.15000000000000002,106.5,2.1363676948473923e-10,-0.8975961538461539,8.759107548874308e-09,True
RQ2_full_observed,Claude,claim_verification_risk_proxy,Direct Question,Constraint-Based,100,0.15,0.15,0.0,195.0,0.0003672826941409287,0.6060606060606061,0.008080219271100432,True
RQ2_full_observed,Claude,claim_verification_risk_proxy,Direct Question,Role-Based/Expert Framing,100,0.15,0.85,0.0,68.0,6.965389776355558e-07,-0.8562367864693446,2.2289247284337785e-05,True
RQ2_full_observed,Claude,claim_verification_risk_proxy,Conversational,Formal/Professional,100,0.85,0.85,0.0,663.0,0.0012956686334262377,-0.43478260869565216,0.020730698134819803,True
RQ2_full_observed,Claude,claim_verification_risk_proxy,Conversational,Informal,100,0.85,0.15,0.0,315.0,0.0009247158302040732,0.5248868778280543,0.015720169113469244,True
RQ2_full_observed,Claude,claim_verification_risk_proxy,Conversational,Conditional,100,0.85,0.15,0.0,651.0,0.005189699521012727,0.393006993006993,0.0778454928151909,False
RQ2_full_observed,Claude,claim_verification_risk_proxy,Conversational,Highly Specific,100,0.85,0.85,0.0,531.0,0.09539987393018347,-0.2578616352201258,0.8585988653716512,False
RQ2_full_observed,Claude,claim_verification_risk_proxy,Conversational,Ambiguous,100,0.85,0.85,0.0,503.5,0.37918571634885967,0.14370748299319727,1.0,False
RQ2_full_observed,Claude,claim_verification_risk_proxy,Conversational,Comparative,100,0.85,0.85,0.0,410.0,2.957491446769106e-05,-0.5932539682539683,0.0008576725195630408,True
RQ2_full_observed,Claude,claim_verification_risk_proxy,Conversational,Constraint-Based,100,0.85,0.15,0.15000000000000002,150.5,1.5802621094629685e-08,0.8299435028248587,5.530917383120389e-07,True
RQ2_full_observed,Claude,claim_verification_risk_proxy,Conversational,Role-Based/Expert Framing,100,0.85,0.85,0.0,498.5,0.3514469878704801,-0.1522108843537415,1.0,False
RQ2_full_observed,Claude,claim_verification_risk_proxy,Formal/Professional,Informal,100,0.85,0.15,0.7,564.0,6.5543207735365475e-09,0.698476343223737,2.4250986862085224e-07,True
RQ2_full_observed,Claude,claim_verification_risk_proxy,Formal/Professional,Conditional,100,0.85,0.15,0.425,399.0,7.50716789815491e-09,0.7342657342657343,2.7025804433357675e-07,True
RQ2_full_observed,Claude,claim_verification_risk_proxy,Formal/Professional,Highly Specific,100,0.85,0.85,0.0,563.5,0.11076202106159785,0.24107744107744108,0.8585988653716512,False
RQ2_full_observed,Claude,claim_verification_risk_proxy,Formal/Professional,Ambiguous,100,0.85,0.85,0.0,1050.5,0.00028150465857701944,0.4383854584335739,0.006856388293649443,True
RQ2_full_observed,Claude,claim_verification_risk_proxy,Formal/Professional,Comparative,100,0.85,0.85,0.0,257.0,0.000427470323837569,-0.5443262411347518,0.00897687680058895,True
RQ2_full_observed,Claude,claim_verification_risk_proxy,Formal/Professional,Constraint-Based,100,0.85,0.15,0.7,3.5,6.353095143503333e-16,0.9973363774733638,2.8588928145765e-14,True
RQ2_full_observed,Claude,claim_verification_risk_proxy,Formal/Professional,Role-Based/Expert Framing,100,0.85,0.85,0.0,607.0,0.019229776647098375,0.3366120218579235,0.2307573197651805,False
RQ2_full_observed,Claude,claim_verification_risk_proxy,Informal,Conditional,100,0.15,0.15,0.0,624.5,0.8985689227831319,-0.0203921568627451,1.0,False
RQ2_full_observed,Claude,claim_verification_risk_proxy,Informal,Highly Specific,100,0.15,0.85,0.0,431.5,2.1576266691318143e-05,-0.5976689976689976,0.0006472880007395443,True
RQ2_full_observed,Claude,claim_verification_risk_proxy,Informal,Ambiguous,100,0.15,0.85,0.0,299.5,0.01254299790798137,-0.421256038647343,0.1630589728037578,False
RQ2_full_observed,Claude,claim_verification_risk_proxy,Informal,Comparative,100,0.15,0.85,-0.425,168.0,1.7783568833492736e-10,-0.8647887323943662,7.46909891006695e-09,True
RQ2_full_observed,Claude,claim_verification_risk_proxy,Informal,Constraint-Based,100,0.15,0.15,0.0,343.0,0.0004772712646412692,0.538047138047138,0.009545425292825385,True
RQ2_full_observed,Claude,claim_verification_risk_proxy,Informal,Role-Based/Expert Framing,100,0.15,0.85,0.0,466.5,0.00016990744684728046,-0.5372023809523809,0.004417593618029292,True
RQ2_full_observed,Claude,claim_verification_risk_proxy,Conditional,Highly Specific,100,0.15,0.85,0.0,604.0,8.955343052577063e-05,-0.5273865414710485,0.002417942624195807,True
RQ2_full_observed,Claude,claim_verification_risk_proxy,Conditional,Ambiguous,100,0.15,0.85,0.0,527.0,0.038236450690736355,-0.3155844155844156,0.38236450690736357,False
RQ2_full_observed,Claude,claim_verification_risk_proxy,Conditional,Comparative,100,0.15,0.85,-0.15000000000000002,173.0,5.713716536208632e-10,-0.8525149190110827,2.2854866144834526e-08,True
RQ2_full_observed,Claude,claim_verification_risk_proxy,Conditional,Constraint-Based,100,0.15,0.15,0.0,330.0,0.0002742555317459777,0.5555555555555556,0.006856388293649443,True
RQ2_full_observed,Claude,claim_verification_risk_proxy,Conditional,Role-Based/Expert Framing,100,0.15,0.85,0.0,592.0,0.0005235748085164027,-0.48024582967515367,0.00994792136181165,True
RQ2_full_observed,Claude,claim_verification_risk_proxy,Highly Specific,Ambiguous,100,0.85,0.85,0.0,574.0,0.026935603888594502,0.32904734073641145,0.2962916427745395,False
RQ2_full_observed,Claude,claim_verification_risk_proxy,Highly Specific,Comparative,100,0.85,0.85,0.0,424.0,0.0002981086421675404,-0.5209039548022599,0.006856498769853429,True
RQ2_full_observed,Claude,claim_verification_risk_proxy,Highly Specific,Constraint-Based,100,0.85,0.15,0.425,84.0,7.3084217839074e-11,0.9192307692307692,3.142621367080182e-09,True
RQ2_full_observed,Claude,claim_verification_risk_proxy,Highly Specific,Role-Based/Expert Framing,100,0.85,0.85,0.0,393.5,0.4579963347063244,0.12846068660022147,1.0,False
RQ2_full_observed,Claude,claim_verification_risk_proxy,Ambiguous,Comparative,100,0.85,0.85,0.0,358.5,3.699220018733059e-06,-0.6552884615384615,0.00011467582058072483,True
RQ2_full_observed,Claude,claim_verification_risk_proxy,Ambiguous,Constraint-Based,100,0.85,0.15,0.07500000000000001,202.5,1.5250045106263366e-07,0.7711864406779662,5.1850153361295444e-06,True
RQ2_full_observed,Claude,claim_verification_risk_proxy,Ambiguous,Role-Based/Expert Framing,100,0.85,0.85,0.0,532.5,0.09925563579912933,-0.2557651991614256,0.8585988653716512,False
RQ2_full_observed,Claude,claim_verification_risk_proxy,Comparative,Constraint-Based,100,0.85,0.15,0.7,31.0,1.825610571175537e-14,0.9798766634209672,8.032686513172363e-13,True
RQ2_full_observed,Claude,claim_verification_risk_proxy,Comparative,Role-Based/Expert Framing,100,0.85,0.85,0.0,258.0,5.7480123062384215e-05,0.625544267053701,0.001609443445746758,True
RQ2_full_observed,Claude,claim_verification_risk_proxy,Constraint-Based,Role-Based/Expert Framing,100,0.15,0.85,-0.15000000000000002,203.0,1.492266731698916e-09,-0.8269394714407502,5.819840253625773e-08,True
RQ2_full_observed,Claude,recommendation_instability_proxy,Direct Question,Conversational,67,0.9940476190476191,0.9967948717948718,0.0,433.0,0.2401897182966306,-0.19888991674375578,1.0,False
RQ2_full_observed,Claude,recommendation_instability_proxy,Direct Question,Formal/Professional,67,0.9940476190476191,1.0,-0.004263191763191676,91.5,9.317568292374129e-07,-0.8307123034227567,3.1679732194072035e-05,True
RQ2_full_observed,Claude,recommendation_instability_proxy,Direct Question,Informal,67,0.9940476190476191,0.997093023255814,0.0,484.0,0.28610971239897043,-0.17687074829931973,1.0,False
RQ2_full_observed,Claude,recommendation_instability_proxy,Direct Question,Conditional,67,0.9940476190476191,1.0,-0.004103555010813165,115.5,5.685047723387835e-06,-0.7768115942028986,0.0001762364794250229,True
RQ2_full_observed,Claude,recommendation_instability_proxy,Direct Question,Highly Specific,67,0.9940476190476191,1.0,-0.0047063632408460565,21.0,4.0072721125815554e-07,-0.9433198380566802,1.4025452394035443e-05,True
RQ2_full_observed,Claude,recommendation_instability_proxy,Direct Question,Ambiguous,67,0.9940476190476191,0.9963235294117647,0.0,471.0,0.1079887973389005,-0.2611764705882353,1.0,False
RQ2_full_observed,Claude,recommendation_instability_proxy,Direct Question,Comparative,67,0.9940476190476191,1.0,-0.0050000000000000044,81.0,3.2014825788468536e-07,-0.8563829787234043,1.1525337283848673e-05,True
RQ2_full_observed,Claude,recommendation_instability_proxy,Direct Question,Role-Based/Expert Framing,67,0.9940476190476191,1.0,0.0,427.5,0.06572994480821946,-0.3020408163265306,1.0,False
RQ2_full_observed,Claude,recommendation_instability_proxy,Conversational,Formal/Professional,67,0.9967948717948718,1.0,-0.002561669829222013,79.0,1.959749183722916e-06,-0.8329809725158562,6.467172306285622e-05,True
RQ2_full_observed,Claude,recommendation_instability_proxy,Conversational,Informal,67,0.9967948717948718,0.997093023255814,0.0,488.0,0.9348888405828251,0.014141414141414142,1.0,False
RQ2_full_observed,Claude,recommendation_instability_proxy,Conversational,Conditional,67,0.9967948717948718,1.0,0.0,68.0,1.8946112482199574e-05,-0.8065433854907539,0.00047365281205498936,True
RQ2_full_observed,Claude,recommendation_instability_proxy,Conversational,Highly Specific,67,0.9967948717948718,1.0,0.0,52.0,1.0113162256457878e-05,-0.8438438438438438,0.00029328170543727847,True
RQ2_full_observed,Claude,recommendation_instability_proxy,Conversational,Ambiguous,67,0.9967948717948718,0.9963235294117647,0.0,495.5,0.24448275260804808,-0.1910204081632653,1.0,False
RQ2_full_observed,Claude,recommendation_instability_proxy,Conversational,Comparative,67,0.9967948717948718,1.0,0.0,118.5,1.1133386352011291e-05,-0.7606060606060606,0.0003117348178563162,True
RQ2_full_observed,Claude,recommendation_instability_proxy,Conversational,Role-Based/Expert Framing,67,0.9967948717948718,1.0,0.0,411.0,0.15710423446812308,-0.23959296947271044,1.0,False
RQ2_full_observed,Claude,recommendation_instability_proxy,Formal/Professional,Informal,67,1.0,0.997093023255814,0.0,81.0,5.922521875927029e-06,0.8118466898954704,0.00017767565627781087,True
RQ2_full_observed,Claude,recommendation_instability_proxy,Formal/Professional,Conditional,67,1.0,1.0,0.0,182.0,0.29894375201959067,0.2172043010752688,1.0,False
RQ2_full_observed,Claude,recommendation_instability_proxy,Formal/Professional,Highly Specific,67,1.0,1.0,0.0,186.0,0.698671667179475,-0.08374384236453201,1.0,False
RQ2_full_observed,Claude,recommendation_instability_proxy,Formal/Professional,Ambiguous,67,1.0,0.9963235294117647,0.003289473684210509,127.0,3.7550226262243546e-06,0.774822695035461,0.00012016072403917935,True
RQ2_full_observed,Claude,recommendation_instability_proxy,Formal/Professional,Comparative,67,1.0,1.0,0.0,233.5,0.7762902787172522,0.05846774193548387,1.0,False
RQ2_full_observed,Claude,recommendation_instability_proxy,Formal/Professional,Role-Based/Expert Framing,67,1.0,1.0,0.0,86.0,1.330788685605279e-05,0.7902439024390244,0.00034600505825737254,True
RQ2_full_observed,Claude,recommendation_instability_proxy,Informal,Conditional,67,0.997093023255814,1.0,0.0,130.0,9.857676931269311e-05,-0.6980255516840883,0.001971535386253862,True
RQ2_full_observed,Claude,recommendation_instability_proxy,Informal,Highly Specific,67,0.997093023255814,1.0,0.0,72.5,2.5608020325712335e-05,-0.7937411095305832,0.0005889844674913837,True
RQ2_full_observed,Claude,recommendation_instability_proxy,Informal,Ambiguous,67,0.997093023255814,0.9963235294117647,0.0,591.0,0.19207675007863578,-0.20404040404040405,1.0,False
RQ2_full_observed,Claude,recommendation_instability_proxy,Informal,Comparative,67,0.997093023255814,1.0,0.0,101.5,1.2060233258700012e-05,-0.7751937984496124,0.00032562629798490035,True
RQ2_full_observed,Claude,recommendation_instability_proxy,Informal,Role-Based/Expert Framing,67,0.997093023255814,1.0,0.0,487.5,0.4181911094375469,-0.1356382978723404,1.0,False
RQ2_full_observed,Claude,recommendation_instability_proxy,Conditional,Highly Specific,67,1.0,1.0,0.0,121.5,0.4154574956471415,-0.19,1.0,False
RQ2_full_observed,Claude,recommendation_instability_proxy,Conditional,Ambiguous,67,1.0,0.9963235294117647,0.0023133116883117255,150.0,1.9866113791569164e-05,0.7224791859389454,0.00047678673099765996,True
RQ2_full_observed,Claude,recommendation_instability_proxy,Conditional,Comparative,67,1.0,1.0,0.0,217.0,0.3794721043600606,-0.17803030303030304,1.0,False
RQ2_full_observed,Claude,recommendation_instability_proxy,Conditional,Role-Based/Expert Framing,67,1.0,1.0,0.0,174.0,0.0015131682762942118,0.5756097560975609,0.027237028973295812,True
RQ2_full_observed,Claude,recommendation_instability_proxy,Highly Specific,Ambiguous,67,1.0,0.9963235294117647,0.0027173913043478937,165.0,4.0847866905152316e-05,0.6947271045328399,0.0008578052050081987,True
RQ2_full_observed,Claude,recommendation_instability_proxy,Highly Specific,Comparative,67,1.0,1.0,0.0,170.0,0.6480366181953645,0.10052910052910052,1.0,False
RQ2_full_observed,Claude,recommendation_instability_proxy,Highly Specific,Role-Based/Expert Framing,67,1.0,1.0,0.0,144.5,0.0017907519336893994,0.5889046941678521,0.03044278287271979,True
RQ2_full_observed,Claude,recommendation_instability_proxy,Ambiguous,Comparative,67,0.9963235294117647,1.0,-0.0022321428571427937,169.0,2.9149473898903373e-05,-0.700354609929078,0.0006412884257758743,True
RQ2_full_observed,Claude,recommendation_instability_proxy,Ambiguous,Role-Based/Expert Framing,67,0.9963235294117647,1.0,0.0,637.0,0.4870895026661958,-0.10971348707197764,1.0,False
RQ2_full_observed,Claude,recommendation_instability_proxy,Comparative,Role-Based/Expert Framing,67,1.0,1.0,0.0,117.0,0.00023661629500734173,0.6842105263157895,0.004495709605139493,True
RQ2_full_observed,Gemini,lsa_semantic_divergence,Direct Question,Conversational,100,0.05487137460948266,0.09058448615391551,-0.02919203592116748,227.0,2.7607481043139136e-15,-0.9100990099009901,8.28224431294174e-14,True
RQ2_full_observed,Gemini,lsa_semantic_divergence,Direct Question,Formal/Professional,100,0.05487137460948266,0.19188696621228507,-0.13271268325417473,0.0,3.89655984509591e-18,-1.0,1.7534519302931596e-16,True
RQ2_full_observed,Gemini,lsa_semantic_divergence,Direct Question,Informal,100,0.05487137460948266,0.12870695964757944,-0.07251782541330187,0.0,3.89655984509591e-18,-1.0,1.7534519302931596e-16,True
RQ2_full_observed,Gemini,lsa_semantic_divergence,Direct Question,Conditional,100,0.05487137460948266,0.11633882531697443,-0.059150442218058485,113.0,1.1020511023218767e-16,-0.9552475247524752,3.746973747894381e-15,True
RQ2_full_observed,Gemini,lsa_semantic_divergence,Direct Question,Highly Specific,100,0.05487137460948266,0.15493339739909867,-0.10158706542152507,1.0,4.0161556854627e-18,-0.9996039603960396,1.7534519302931596e-16,True
RQ2_full_observed,Gemini,lsa_semantic_divergence,Direct Question,Ambiguous,100,0.05487137460948266,0.062364776698176305,-0.007386181816033011,1346.0,5.039553839349178e-05,-0.46693069306930696,0.000636139988399549,True
RQ2_full_observed,Gemini,lsa_semantic_divergence,Direct Question,Comparative,100,0.05487137460948266,0.14376625463382864,-0.08615992830280006,60.0,2.3413085997284588e-17,-0.9762376237623762,9.13110353894099e-16,True
RQ2_full_observed,Gemini,lsa_semantic_divergence,Direct Question,Constraint-Based,100,0.05487137460948266,0.11087071201541465,-0.0547270956235098,83.0,4.6041751652443625e-17,-0.9671287128712871,1.7035448111404142e-15,True
RQ2_full_observed,Gemini,lsa_semantic_divergence,Direct Question,Role-Based/Expert Framing,100,0.05487137460948266,0.06388412793736536,-0.012062277387958398,1373.0,7.465209611980872e-05,-0.45623762376237625,0.0008211730573178959,True
RQ2_full_observed,Gemini,lsa_semantic_divergence,Conversational,Formal/Professional,100,0.09058448615391551,0.19188696621228507,-0.09099475831268394,90.0,5.649430306955949e-17,-0.9643564356435643,1.9773006074345824e-15,True
RQ2_full_observed,Gemini,lsa_semantic_divergence,Conversational,Informal,100,0.09058448615391551,0.12870695964757944,-0.037112484351604524,158.0,4.001557931101309e-16,-0.9374257425742575,1.2404829586414059e-14,True
RQ2_full_observed,Gemini,lsa_semantic_divergence,Conversational,Conditional,100,0.09058448615391551,0.11633882531697443,-0.0241687947714585,1029.0,2.6933086046598166e-07,-0.5924752475247524,4.578624627921688e-06,True
RQ2_full_observed,Gemini,lsa_semantic_divergence,Conversational,Highly Specific,100,0.09058448615391551,0.15493339739909867,-0.06853743686514924,68.0,2.964263914228316e-17,-0.973069306930693,1.12642028740676e-15,True
RQ2_full_observed,Gemini,lsa_semantic_divergence,Conversational,Ambiguous,100,0.09058448615391551,0.062364776698176305,0.02330344673329371,1204.0,5.571587179671877e-06,0.5231683168316832,8.357380769507816e-05,True
RQ2_full_observed,Gemini,lsa_semantic_divergence,Conversational,Comparative,100,0.09058448615391551,0.14376625463382864,-0.049460436097831795,580.0,2.269503677346154e-11,-0.7702970297029703,4.765957722426924e-10,True
RQ2_full_observed,Gemini,lsa_semantic_divergence,Conversational,Constraint-Based,100,0.09058448615391551,0.11087071201541465,-0.024879100493213457,880.0,1.5490144071327087e-08,-0.6514851485148515,2.788225932838876e-07,True
RQ2_full_observed,Gemini,lsa_semantic_divergence,Conversational,Role-Based/Expert Framing,100,0.09058448615391551,0.06388412793736536,0.023537250084638528,640.0,9.09704231531096e-11,0.7465346534653465,1.8194084630621918e-09,True
RQ2_full_observed,Gemini,lsa_semantic_divergence,Formal/Professional,Informal,100,0.19188696621228507,0.12870695964757944,0.0392391291825715,827.0,5.2743864305256105e-09,0.6724752475247525,1.002133421799866e-07,True
RQ2_full_observed,Gemini,lsa_semantic_divergence,Formal/Professional,Conditional,100,0.19188696621228507,0.11633882531697443,0.055111655570118434,1280.0,1.8629428688391443e-05,0.49306930693069306,0.0002608120016374802,True
RQ2_full_observed,Gemini,lsa_semantic_divergence,Formal/Professional,Highly Specific,100,0.19188696621228507,0.15493339739909867,0.017082698506417582,1706.0,0.004862747585576056,0.32435643564356437,0.034039233099032395,True
RQ2_full_observed,Gemini,lsa_semantic_divergence,Formal/Professional,Ambiguous,100,0.19188696621228507,0.062364776698176305,0.11741305611635966,44.0,1.457367687773613e-17,0.9825742574257426,5.829470751094452e-16,True
RQ2_full_observed,Gemini,lsa_semantic_divergence,Formal/Professional,Comparative,100,0.19188696621228507,0.14376625463382864,0.04197748431958265,1344.0,4.893384526150377e-05,0.46772277227722775,0.000636139988399549,True
RQ2_full_observed,Gemini,lsa_semantic_divergence,Formal/Professional,Constraint-Based,100,0.19188696621228507,0.11087071201541465,0.07267196292608563,383.0,1.7729058644366345e-13,0.8483168316831683,4.432264661091586e-12,True
RQ2_full_observed,Gemini,lsa_semantic_divergence,Formal/Professional,Role-Based/Expert Framing,100,0.19188696621228507,0.06388412793736536,0.11945844277583123,4.0,4.397113554181895e-18,0.9984158415841584,1.8028165572145769e-16,True
RQ2_full_observed,Gemini,lsa_semantic_divergence,Informal,Conditional,100,0.12870695964757944,0.11633882531697443,0.015056126812476589,2324.0,0.4895006306680896,0.0796039603960396,0.9790012613361792,False
RQ2_full_observed,Gemini,lsa_semantic_divergence,Informal,Highly Specific,100,0.12870695964757944,0.15493339739909867,-0.033480677425732464,1143.0,2.016487208952064e-06,-0.5473267326732674,3.2263795343233025e-05,True
RQ2_full_observed,Gemini,lsa_semantic_divergence,Informal,Ambiguous,100,0.12870695964757944,0.062364776698176305,0.05701689908916002,365.0,1.1127180638567001e-13,0.8554455445544554,3.00433877241309e-12,True
RQ2_full_observed,Gemini,lsa_semantic_divergence,Informal,Comparative,100,0.12870695964757944,0.14376625463382864,-0.005987579174446145,2114.0,0.15761118027730447,-0.16277227722772278,0.7880559013865224,False
RQ2_full_observed,Gemini,lsa_semantic_divergence,Informal,Constraint-Based,100,0.12870695964757944,0.11087071201541465,0.01594968580752587,1660.0,0.0029380046692335407,0.3425742574257426,0.023504037353868325,True
RQ2_full_observed,Gemini,lsa_semantic_divergence,Informal,Role-Based/Expert Framing,100,0.12870695964757944,0.06388412793736536,0.05694748948901218,88.0,5.3289723896748466e-17,0.9651485148514851,1.9184300602829446e-15,True
RQ2_full_observed,Gemini,lsa_semantic_divergence,Conditional,Highly Specific,100,0.11633882531697443,0.15493339739909867,-0.0400257897215095,1621.0,0.0018820155995474795,-0.358019801980198,0.016938140395927316,True
RQ2_full_observed,Gemini,lsa_semantic_divergence,Conditional,Ambiguous,100,0.11633882531697443,0.062364776698176305,0.050733643095486225,573.0,1.924884776837515e-11,0.7730693069306931,4.234746509042533e-10,True
RQ2_full_observed,Gemini,lsa_semantic_divergence,Conditional,Comparative,100,0.11633882531697443,0.14376625463382864,-0.006544516835472136,2157.0,0.20576253719593485,-0.14574257425742573,0.7880559013865224,False
RQ2_full_observed,Gemini,lsa_semantic_divergence,Conditional,Constraint-Based,100,0.11633882531697443,0.11087071201541465,-0.0013331439658210154,2144.0,0.1901952383630343,0.1508910891089109,0.7880559013865224,False
RQ2_full_observed,Gemini,lsa_semantic_divergence,Conditional,Role-Based/Expert Framing,100,0.11633882531697443,0.06388412793736536,0.048146768043768884,410.0,3.540540121284387e-13,0.8376237623762376,8.497296291082529e-12,True
RQ2_full_observed,Gemini,lsa_semantic_divergence,Highly Specific,Ambiguous,100,0.15493339739909867,0.062364776698176305,0.088305420375897,137.0,2.1986655925914448e-16,0.9457425742574257,7.255596455551768e-15,True
RQ2_full_observed,Gemini,lsa_semantic_divergence,Highly Specific,Comparative,100,0.15493339739909867,0.14376625463382864,0.026919060415168894,1902.0,0.032187336447175634,0.24673267326732673,0.1931240186830538,False
RQ2_full_observed,Gemini,lsa_semantic_divergence,Highly Specific,Constraint-Based,100,0.15493339739909867,0.11087071201541465,0.04177364144243678,381.0,1.6837927151593467e-13,0.8491089108910891,4.3778610594143016e-12,True
RQ2_full_observed,Gemini,lsa_semantic_divergence,Highly Specific,Role-Based/Expert Framing,100,0.15493339739909867,0.06388412793736536,0.09188897285180303,0.0,3.89655984509591e-18,1.0,1.7534519302931596e-16,True
RQ2_full_observed,Gemini,lsa_semantic_divergence,Ambiguous,Comparative,100,0.062364776698176305,0.14376625463382864,-0.08071773606793647,346.0,6.777516682777737e-14,-0.862970297029703,1.8977046711777666e-12,True
RQ2_full_observed,Gemini,lsa_semantic_divergence,Ambiguous,Constraint-Based,100,0.062364776698176305,0.11087071201541465,-0.042882106922754515,484.0,2.256776902419375e-12,-0.8083168316831684,5.190586875564563e-11,True
RQ2_full_observed,Gemini,lsa_semantic_divergence,Ambiguous,Role-Based/Expert Framing,100,0.062364776698176305,0.06388412793736536,-0.0028875487518296716,2446.0,0.7859083271789165,-0.03128712871287129,0.9790012613361792,False
RQ2_full_observed,Gemini,lsa_semantic_divergence,Comparative,Constraint-Based,100,0.14376625463382864,0.11087071201541465,0.024594110082171383,1401.0,0.00011123624528893805,0.44514851485148516,0.0011123624528893805,True
RQ2_full_observed,Gemini,lsa_semantic_divergence,Comparative,Role-Based/Expert Framing,100,0.14376625463382864,0.06388412793736536,0.0757250769823784,301.0,2.0598723963699137e-14,0.8807920792079208,5.97362994947275e-13,True
RQ2_full_observed,Gemini,lsa_semantic_divergence,Constraint-Based,Role-Based/Expert Framing,100,0.11087071201541465,0.06388412793736536,0.04836120841206898,153.0,3.471444579736631e-16,0.9394059405940594,1.1108622655157219e-14,True
RQ2_full_observed,Gemini,claim_verification_risk_proxy,Direct Question,Conversational,100,0.85,0.85,0.0,303.5,0.19155103572664767,-0.22179487179487178,1.0,False
RQ2_full_observed,Gemini,claim_verification_risk_proxy,Direct Question,Formal/Professional,100,0.85,0.85,0.0,384.0,0.0012807913048569007,-0.46331236897274636,0.03586215653599322,True
RQ2_full_observed,Gemini,claim_verification_risk_proxy,Direct Question,Informal,100,0.85,1.0,0.0,382.0,0.04130644086871954,-0.32269503546099293,0.9500481399805494,False
RQ2_full_observed,Gemini,claim_verification_risk_proxy,Direct Question,Conditional,100,0.85,0.85,0.0,504.0,0.1068824381379065,-0.2398190045248869,1.0,False
RQ2_full_observed,Gemini,claim_verification_risk_proxy,Direct Question,Highly Specific,100,0.85,0.15,0.7,110.0,1.3450521793303672e-14,0.9398084815321477,4.573177409723248e-13,True
RQ2_full_observed,Gemini,claim_verification_risk_proxy,Direct Question,Ambiguous,100,0.85,0.85,0.0,484.5,0.37279536381214307,-0.14095744680851063,1.0,False
RQ2_full_observed,Gemini,claim_verification_risk_proxy,Direct Question,Comparative,100,0.85,0.85,0.0,294.5,0.5145567806595726,-0.11561561561561562,1.0,False
RQ2_full_observed,Gemini,claim_verification_risk_proxy,Direct Question,Constraint-Based,100,0.85,0.15,0.7,41.0,1.485996132129232e-14,0.973385264524505,4.903787236026466e-13,True
RQ2_full_observed,Gemini,claim_verification_risk_proxy,Direct Question,Role-Based/Expert Framing,100,0.85,0.85,0.0,161.0,0.006648698723029987,-0.4888888888888889,0.17286616679877967,False
RQ2_full_observed,Gemini,claim_verification_risk_proxy,Conversational,Formal/Professional,100,0.85,0.85,0.0,414.0,0.02845802643782732,-0.3240816326530612,0.6829926345078556,False
RQ2_full_observed,Gemini,claim_verification_risk_proxy,Conversational,Informal,100,0.85,1.0,0.0,664.5,0.3469953393029038,-0.137012987012987,1.0,False
RQ2_full_observed,Gemini,claim_verification_risk_proxy,Conversational,Conditional,100,0.85,0.85,0.0,493.0,0.766272818251349,-0.04734299516908213,1.0,False
RQ2_full_observed,Gemini,claim_verification_risk_proxy,Conversational,Highly Specific,100,0.85,0.15,0.7,87.0,9.5550256059409e-15,0.9512605042016806,3.7264599863169513e-13,True
RQ2_full_observed,Gemini,claim_verification_risk_proxy,Conversational,Ambiguous,100,0.85,0.85,0.0,395.5,0.836114518211595,0.03536585365853658,1.0,False
RQ2_full_observed,Gemini,claim_verification_risk_proxy,Conversational,Comparative,100,0.85,0.85,0.0,295.0,0.34937423226286146,0.16073968705547653,1.0,False
RQ2_full_observed,Gemini,claim_verification_risk_proxy,Conversational,Constraint-Based,100,0.85,0.15,0.7,92.0,4.711124375111216e-15,0.9508152900294039,2.072894725048935e-13,True
RQ2_full_observed,Gemini,claim_verification_risk_proxy,Conversational,Role-Based/Expert Framing,100,0.85,0.85,0.0,380.0,0.3195952504589268,-0.1583610188261351,1.0,False
RQ2_full_observed,Gemini,claim_verification_risk_proxy,Formal/Professional,Informal,100,0.85,1.0,0.0,667.0,0.48310260993056475,0.10168350168350168,1.0,False
RQ2_full_observed,Gemini,claim_verification_risk_proxy,Formal/Professional,Conditional,100,0.85,0.85,0.0,314.5,0.0628656712613301,0.3034330011074197,1.0,False
RQ2_full_observed,Gemini,claim_verification_risk_proxy,Formal/Professional,Highly Specific,100,0.85,0.15,0.7,150.0,8.680763890058158e-15,0.9267399267399268,3.472305556023263e-13,True
RQ2_full_observed,Gemini,claim_verification_risk_proxy,Formal/Professional,Ambiguous,100,0.85,0.85,0.0,187.0,0.0037431281732507767,0.49527665317139,0.10106446067777097,False
RQ2_full_observed,Gemini,claim_verification_risk_proxy,Formal/Professional,Comparative,100,0.85,0.85,0.0,117.0,2.4674457294443484e-05,0.6842105263157895,0.000715559261538861,True
RQ2_full_observed,Gemini,claim_verification_risk_proxy,Formal/Professional,Constraint-Based,100,0.85,0.15,0.7,0.0,1.7563935549334258e-14,1.0,5.620459375786962e-13,True
RQ2_full_observed,Gemini,claim_verification_risk_proxy,Formal/Professional,Role-Based/Expert Framing,100,0.85,0.85,0.0,357.0,0.17971249487899976,0.20930232558139536,1.0,False
RQ2_full_observed,Gemini,claim_verification_risk_proxy,Informal,Conditional,100,1.0,0.85,0.0,770.5,0.6381926595912772,0.0677555958862674,1.0,False
RQ2_full_observed,Gemini,claim_verification_risk_proxy,Informal,Highly Specific,100,1.0,0.15,0.7,104.5,9.173070602648949e-14,0.9370671484492623,2.843651886821174e-12,True
RQ2_full_observed,Gemini,claim_verification_risk_proxy,Informal,Ambiguous,100,1.0,0.85,0.0,542.0,0.4625441331805832,0.11510204081632654,1.0,False
RQ2_full_observed,Gemini,claim_verification_risk_proxy,Informal,Comparative,100,1.0,0.85,0.0,624.0,0.08174319534497443,0.24500907441016334,1.0,False
RQ2_full_observed,Gemini,claim_verification_risk_proxy,Informal,Constraint-Based,100,1.0,0.15,0.7,144.0,3.89891226836936e-13,0.9132791327913279,1.169673680510808e-11,True
RQ2_full_observed,Gemini,claim_verification_risk_proxy,Informal,Role-Based/Expert Framing,100,1.0,0.85,0.0,627.5,0.7203980691947509,0.053544494720965306,1.0,False
RQ2_full_observed,Gemini,claim_verification_risk_proxy,Conditional,Highly Specific,100,0.85,0.15,0.7,70.0,1.065418757733902e-14,0.9598393574297188,4.0485912793888275e-13,True
RQ2_full_observed,Gemini,claim_verification_risk_proxy,Conditional,Ambiguous,100,0.85,0.85,0.0,321.0,0.4413812172818051,0.13360323886639677,1.0,False
RQ2_full_observed,Gemini,claim_verification_risk_proxy,Conditional,Comparative,100,0.85,0.85,0.0,415.0,0.20751243494691207,0.19806763285024154,1.0,False
RQ2_full_observed,Gemini,claim_verification_risk_proxy,Conditional,Constraint-Based,100,0.85,0.15,0.7,10.0,1.2698531957996484e-14,0.9933399933399933,4.4444861852987696e-13,True
RQ2_full_observed,Gemini,claim_verification_risk_proxy,Conditional,Role-Based/Expert Framing,100,0.85,0.85,0.0,540.0,0.4270225491146741,-0.11836734693877551,1.0,False
RQ2_full_observed,Gemini,claim_verification_risk_proxy,Highly Specific,Ambiguous,100,0.15,0.85,-0.7,146.0,1.0841295251228158e-14,-0.9270911360799001,4.0485912793888275e-13,True
RQ2_full_observed,Gemini,claim_verification_risk_proxy,Highly Specific,Comparative,100,0.15,0.85,-0.7,218.5,8.152047438349769e-15,-0.9000228780599405,3.342339449723405e-13,True
RQ2_full_observed,Gemini,claim_verification_risk_proxy,Highly Specific,Constraint-Based,100,0.15,0.15,0.0,494.0,0.78790596552314,0.04541062801932367,1.0,False
RQ2_full_observed,Gemini,claim_verification_risk_proxy,Highly Specific,Role-Based/Expert Framing,100,0.15,0.85,-0.7,96.0,6.070301335930468e-15,-0.9486768243785084,2.6102295744501014e-13,True
RQ2_full_observed,Gemini,claim_verification_risk_proxy,Ambiguous,Comparative,100,0.85,0.85,0.0,323.5,0.6457841979857566,0.07965860597439545,1.0,False
RQ2_full_observed,Gemini,claim_verification_risk_proxy,Ambiguous,Constraint-Based,100,0.85,0.15,0.7,42.0,1.1406930751322827e-14,0.9740740740740741,4.1064950704762177e-13,True
RQ2_full_observed,Gemini,claim_verification_risk_proxy,Ambiguous,Role-Based/Expert Framing,100,0.85,0.85,0.0,326.5,0.14379070870818478,-0.2415795586527294,1.0,False
RQ2_full_observed,Gemini,claim_verification_risk_proxy,Comparative,Constraint-Based,100,0.85,0.15,0.7,27.5,1.8409405021276208e-15,0.982148653034729,8.284232259574294e-14,True
RQ2_full_observed,Gemini,claim_verification_risk_proxy,Comparative,Role-Based/Expert Framing,100,0.85,0.85,0.0,240.0,0.00952879138632182,-0.4146341463414634,0.2382197846580455,False
RQ2_full_observed,Gemini,claim_verification_risk_proxy,Constraint-Based,Role-Based/Expert Framing,100,0.15,0.85,-0.7,10.0,7.218931521802312e-15,-0.9933399933399933,3.031951239156971e-13,True
RQ2_full_observed,Gemini,recommendation_instability_proxy,Direct Question,Conversational,21,0.9869093231162197,0.9914529914529915,0.0,64.0,0.836138661741041,0.058823529411764705,1.0,False
RQ2_full_observed,Gemini,recommendation_instability_proxy,Direct Question,Formal/Professional,21,0.9869093231162197,1.0,-0.005307038640372075,21.0,0.04798974969495946,-0.6,1.0,False
RQ2_full_observed,Gemini,recommendation_instability_proxy,Direct Question,Informal,21,0.9869093231162197,1.0,0.0,37.0,0.875329249147922,-0.05128205128205128,1.0,False
RQ2_full_observed,Gemini,recommendation_instability_proxy,Direct Question,Conditional,21,0.9869093231162197,0.9920634920634921,0.0,42.0,0.5097974849608639,-0.2,1.0,False
RQ2_full_observed,Gemini,recommendation_instability_proxy,Direct Question,Highly Specific,21,0.9869093231162197,1.0,0.0,14.0,0.04986020375690695,-0.6410256410256411,1.0,False
RQ2_full_observed,Gemini,recommendation_instability_proxy,Direct Question,Ambiguous,21,0.9869093231162197,0.9851851851851853,0.0,57.0,0.8647045760375567,0.05,1.0,False
RQ2_full_observed,Gemini,recommendation_instability_proxy,Direct Question,Comparative,21,0.9869093231162197,1.0,-0.006172839506172867,16.5,0.02378960419252898,-0.6857142857142857,0.9392730735286206,False
RQ2_full_observed,Gemini,recommendation_instability_proxy,Direct Question,Constraint-Based,21,0.9869093231162197,1.0,0.0,36.0,0.30028987962532405,-0.3142857142857143,1.0,False
RQ2_full_observed,Gemini,recommendation_instability_proxy,Direct Question,Role-Based/Expert Framing,21,0.9869093231162197,0.9920634920634921,0.0,46.0,0.42652824883677154,0.23333333333333334,1.0,False
RQ2_full_observed,Gemini,recommendation_instability_proxy,Conversational,Formal/Professional,21,0.9914529914529915,1.0,-0.0017536475869810442,7.0,0.012063323418854825,-0.8205128205128205,0.5187229070107575,False
RQ2_full_observed,Gemini,recommendation_instability_proxy,Conversational,Informal,21,0.9914529914529915,1.0,0.0,54.0,0.46911315243545415,-0.20588235294117646,1.0,False
RQ2_full_observed,Gemini,recommendation_instability_proxy,Conversational,Conditional,21,0.9914529914529915,0.9920634920634921,0.0,64.0,0.5540338584644349,-0.16339869281045752,1.0,False
RQ2_full_observed,Gemini,recommendation_instability_proxy,Conversational,Highly Specific,21,0.9914529914529915,1.0,-0.006172839506172867,7.0,0.007132413699395203,-0.8461538461538461,0.3209586164727841,False
RQ2_full_observed,Gemini,recommendation_instability_proxy,Conversational,Ambiguous,21,0.9914529914529915,0.9851851851851853,0.0,41.0,0.28053090025207417,-0.31666666666666665,1.0,False
RQ2_full_observed,Gemini,recommendation_instability_proxy,Conversational,Comparative,21,0.9914529914529915,1.0,0.0,11.0,0.015906444101703374,-0.7582417582417582,0.6680706522715417,False
RQ2_full_observed,Gemini,recommendation_instability_proxy,Conversational,Constraint-Based,21,0.9914529914529915,1.0,0.0,30.0,0.2787073832496024,-0.34065934065934067,1.0,False
RQ2_full_observed,Gemini,recommendation_instability_proxy,Conversational,Role-Based/Expert Framing,21,0.9914529914529915,0.9920634920634921,0.0,55.5,0.5179765383890086,0.18382352941176472,1.0,False
RQ2_full_observed,Gemini,recommendation_instability_proxy,Formal/Professional,Informal,21,1.0,1.0,0.0,19.0,0.21322298815094953,0.42424242424242425,1.0,False
RQ2_full_observed,Gemini,recommendation_instability_proxy,Formal/Professional,Conditional,21,1.0,0.9920634920634921,0.0,24.5,0.14209146702326966,0.46153846153846156,1.0,False
RQ2_full_observed,Gemini,recommendation_instability_proxy,Formal/Professional,Highly Specific,21,1.0,1.0,0.0,11.0,0.6120898800892568,-0.21428571428571427,1.0,False
RQ2_full_observed,Gemini,recommendation_instability_proxy,Formal/Professional,Ambiguous,21,1.0,0.9851851851851853,0.005341880341880323,13.0,0.023129802497359468,0.7142857142857143,0.9392730735286206,False
RQ2_full_observed,Gemini,recommendation_instability_proxy,Formal/Professional,Comparative,21,1.0,1.0,0.0,17.0,0.8886378608950078,-0.05555555555555555,1.0,False
RQ2_full_observed,Gemini,recommendation_instability_proxy,Formal/Professional,Constraint-Based,21,1.0,1.0,0.0,6.0,0.3454475304692257,0.42857142857142855,1.0,False
RQ2_full_observed,Gemini,recommendation_instability_proxy,Formal/Professional,Role-Based/Expert Framing,21,1.0,0.9920634920634921,0.007936507936507908,13.0,0.023129802497359468,0.7142857142857143,0.9392730735286206,False
RQ2_full_observed,Gemini,recommendation_instability_proxy,Informal,Conditional,21,1.0,0.9920634920634921,0.0,43.0,0.8613042569883052,-0.054945054945054944,1.0,False
RQ2_full_observed,Gemini,recommendation_instability_proxy,Informal,Highly Specific,21,1.0,1.0,0.0,14.0,0.1688069535565081,-0.4909090909090909,1.0,False
RQ2_full_observed,Gemini,recommendation_instability_proxy,Informal,Ambiguous,21,1.0,0.9851851851851853,0.0,44.0,0.916511907863894,-0.03296703296703297,1.0,False
RQ2_full_observed,Gemini,recommendation_instability_proxy,Informal,Comparative,21,1.0,1.0,0.0,8.0,0.026231237263180107,-0.7575757575757576,0.970555778737664,False
RQ2_full_observed,Gemini,recommendation_instability_proxy,Informal,Constraint-Based,21,1.0,1.0,0.0,35.0,0.7536837177261574,-0.10256410256410256,1.0,False
RQ2_full_observed,Gemini,recommendation_instability_proxy,Informal,Role-Based/Expert Framing,21,1.0,0.9920634920634921,0.0,44.0,0.5936182407945829,0.1619047619047619,1.0,False
RQ2_full_observed,Gemini,recommendation_instability_proxy,Conditional,Highly Specific,21,0.9920634920634921,1.0,0.0,19.0,0.11666446478102341,-0.5128205128205128,1.0,False
RQ2_full_observed,Gemini,recommendation_instability_proxy,Conditional,Ambiguous,21,0.9920634920634921,0.9851851851851853,0.0,38.0,0.6001794871405539,0.16483516483516483,1.0,False
RQ2_full_observed,Gemini,recommendation_instability_proxy,Conditional,Comparative,21,0.9920634920634921,1.0,0.0,16.0,0.03918332724963062,-0.6483516483516484,1.0,False
RQ2_full_observed,Gemini,recommendation_instability_proxy,Conditional,Constraint-Based,21,0.9920634920634921,1.0,-0.007936507936507908,49.0,0.5320471843202862,-0.18333333333333332,1.0,False
RQ2_full_observed,Gemini,recommendation_instability_proxy,Conditional,Role-Based/Expert Framing,21,0.9920634920634921,0.9920634920634921,0.0,44.0,0.3633911924921729,0.26666666666666666,1.0,False
RQ2_full_observed,Gemini,recommendation_instability_proxy,Highly Specific,Ambiguous,21,1.0,0.9851851851851853,0.003401264103018553,10.0,0.0229090993543566,0.7435897435897436,0.9392730735286206,False
RQ2_full_observed,Gemini,recommendation_instability_proxy,Highly Specific,Comparative,21,1.0,1.0,0.0,17.0,0.8886378608950078,0.05555555555555555,1.0,False
RQ2_full_observed,Gemini,recommendation_instability_proxy,Highly Specific,Constraint-Based,21,1.0,1.0,0.0,12.0,0.40081416938293446,0.3333333333333333,1.0,False
RQ2_full_observed,Gemini,recommendation_instability_proxy,Highly Specific,Role-Based/Expert Framing,21,1.0,0.9920634920634921,0.0,8.0,0.026231237263180107,0.7575757575757576,0.970555778737664,False
RQ2_full_observed,Gemini,recommendation_instability_proxy,Ambiguous,Comparative,21,0.9851851851851853,1.0,-0.009659675836146575,12.0,0.011007912955186742,-0.7714285714285715,0.4843481700282167,False
RQ2_full_observed,Gemini,recommendation_instability_proxy,Ambiguous,Constraint-Based,21,0.9851851851851853,1.0,0.0,43.0,0.550923682773407,-0.18095238095238095,1.0,False
RQ2_full_observed,Gemini,recommendation_instability_proxy,Ambiguous,Role-Based/Expert Framing,21,0.9851851851851853,0.9920634920634921,0.0,60.0,0.6791156892928161,0.11764705882352941,1.0,False
RQ2_full_observed,Gemini,recommendation_instability_proxy,Comparative,Constraint-Based,21,1.0,1.0,0.0,11.0,0.32698934959801507,0.3888888888888889,1.0,False
RQ2_full_observed,Gemini,recommendation_instability_proxy,Comparative,Role-Based/Expert Framing,21,1.0,0.9920634920634921,0.0,24.0,0.07359392381144039,0.5428571428571428,1.0,False
RQ2_full_observed,Gemini,recommendation_instability_proxy,Constraint-Based,Role-Based/Expert Framing,21,1.0,0.9920634920634921,0.0,14.0,0.04986020375690695,0.6410256410256411,1.0,False
